Invitees,Country,Qualification
"Ãberg, Ludvig",Sweden,"13, 18, 19"
"An, Byeong Hun",Korea,"18, 19"
"#* Ballester, Jose Luis",Spain,7-A
"#* Beck, Evan",United States,11
"Bezuidenhout, Christiaan",South Africa,18
"Bhatia, Akshay",United States,"18, 19"
"Bradley, Keegan",United States,"17, 18, 19"
"Burns, Sam",United States,"18, 19"
"Cabrera, Angel",Argentina,1
"# Campos, Rafael",Puerto Rico,17
"Cantlay, Patrick",United States,"14, 18, 19"
"Clark, Wyndham",United States,"2, 18, 19"
"Conners, Corey",Canada,19
"Couples, Fred",United States,1
"Davis, Cameron",Australia,"13, 17"
"Day, Jason",Australia,19
"DeChambeau, Bryson",United States,"2, 13, 16, 19"
"# Detry, Thomas",Belgium,16
"Dunlap, Nick",United States,19
"# Echavarria, Nicolas",Colombia,17
"Eckroat, Austin",United States,"17, 19"
"English, Harris",United States,17
"Finau, Tony",United States,"14, 18, 19"
"Fitzpatrick, Matt",England,"2, 19"
"Fleetwood, Tommy",England,"13, 18, 19"
"Garcia, Sergio",Spain,1
"Glover, Lucas",United States,19
"# Greyserman, Max",United States,19
"Harman, Brian",United States,"3, 19"
"#* Hastings, Justin",Cayman Islands,10
"Hatton, Tyrrell",England,"13, 19"
"Henley, Russell",United States,"18, 19"
"Hoge, Tom",United States,18
"^ HÃ¸jgaard, Nicolai",Denmark,Special
"# HÃ¸jgaard, Rasmus",Denmark,19
"Homa, Max",United States,"13, 19"
"Horschel, Billy",United States,"15, 18, 19"
"Hovland, Viktor",Norway,"16, 18, 19"
"Im, Sungjae",Korea,"18, 19"
"Johnson, Dustin",United States,1
"Johnson, Zach",United States,1
"#* Kent, Noah",United States,7-B
"Kim, Tom",Korea,19
"Kirk, Chris",United States,18
"Kizzire, Patton",United States,17
"Koepka, Brooks",United States,4
"Langer, Bernhard",Germany,1
"# Lawrence, Thriston",South Africa,"15, 19"
"Lee, Min Woo",Australia,19
"Lowry, Shane",Ireland,"18, 19"
"MacIntyre, Robert",Scotland,"17, 18, 19"
"Matsuyama, Hideki",Japan,"1, 17, 18, 19"
"McCarthy, Denny",United States,19
"# McCarty, Matt",United States,"17, 19"
"McIlroy, Rory",Northern Ireland,"14, 17, 18, 19"
"# McNealy, Maverick",United States,"17, 19"
"Mickelson, Phil",United States,"1, 4"
"Morikawa, Collin",United States,"3, 4, 13, 16, 18, 19"
"^ Niemann, JoaquÃ­n",Chile,Special
"Olazabal, Jose Maria",Spain,1
"Pavon, Matthieu",France,"13, 18, 19"
"# Pendrith, Taylor",Canada,"17, 18, 19"
"Poston, J.T.",United States,"17, 19"
"Rahm, Jon",Spain,"1, 2, 19"
"# Rai, Aaron",England,"17, 18, 19"
"Reed, Patrick",United States,"1, 13"
"# Riley, Davis",United States,17
"Rose, Justin",England,"15, 19"
"Schauffele, Xander",United States,"3, 4, 13, 18, 19"
"Scheffler, Scottie",United States,"1, 5, 6, 17, 18, 19"
"Schenk, Adam",United States,13
"Schwartzel, Charl",South Africa,1
"Scott, Adam",Australia,"1, 18, 19"
"Singh, Vijay",Fiji,1
"Smith, Cameron",Australia,"3, 13"
"Spieth, Jordan",United States,1
"Straka, Sepp",Austria,"17, 18, 19"
"#* Tai, Hiroshi",Singapore,12
"Taylor, Nick",Canada,17
"Theegala, Sahith",United States,"18, 19"
"Thomas, Justin",United States,"4, 18, 19"
"# Thompson, Davis",United States,"17, 19"
"Vegas, Jhonattan",Venezuela,17
"Watson, Bubba",United States,1
"Weir, Mike",Canada,1
"Willett, Danny",England,1
"Woods, Tiger",United States,1
"Young, Cameron",United States,"13, 19"
"# Yu, Kevin",Chinese Taipei,17
"Zalatoris, Will",United States,13
"# Denotes first Masters * Denotes Amateur 	^ The Masters Committee, at its discretion, also invites international players not otherwise qualified.","# Denotes first Masters * Denotes Amateur 	^ The Masters Committee, at its discretion, also invites international players not otherwise qualified.","# Denotes first Masters * Denotes Amateur 	^ The Masters Committee, at its discretion, also invites international players not otherwise qualified."
